thetaE_s0,mass_s0,z_s0,re_s0,q_s0,pa_s0,x_s0,y_s0,mag_g_s0,mag_r_s0,mag_i_s0,mag_z_s0,SNR_g0,SNR_r0,SNR_i0,SNR_z0,SNR_stack0,best_band0,mu0,if_ring0,if_obs_stack0,if_obs_single0,thetaE_s1,mass_s1,z_s1,re_s1,q_s1,pa_s1,x_s1,y_s1,mag_g_s1,mag_r_s1,mag_i_s1,mag_z_s1,SNR_g1,SNR_r1,SNR_i1,SNR_z1,SNR_stack1,best_band1,mu1,if_ring1,if_obs_stack1,if_obs_single1,vdisp_l,re_l,q_l,z_l,mag_g_l,mag_r_l,mag_i_l,mag_z_l,noise_seed
0.6843842871622852,50108964087.123566,2.08,0.15240679343222277,0.6356645206315932,68.9642077010782,0.005235235022626565,-0.3403939196853783,24.7996,24.9041,24.7745,24.4944,36.91913091224486,23.912580398328362,21.025867863402553,18.054977468608715,48.95780988686642,g,6.891945817540591,True,True,True,0.551403966052087,40372466245.487724,0.7637,0.12778452529689827,0.7879153742698172,59.775320407659656,-0.3096757975584918,-0.012345242977013166,24.4707,24.2987,24.1641,24.2151,34.7253830527812,26.869263985478963,23.26139186509577,14.952097975249181,48.72439397259186,g,3.9290720790222466,True,True,True,168.77561828640452,0.5751352747915313,0.4084365682914125,0.21730317007747357,20.377181513308877,18.852403453340244,18.305332294635054,18.0208661328905,8
1.7875192754072462,950346681918.987,2.9349,0.26232416725931407,0.764523996416358,166.01404352002405,-0.8753406974563619,0.1424857776631906,24.2904,24.1249,24.1381,24.1394,25.26783772588794,23.10281579002501,18.519478699731074,12.189422627975654,39.604240716552404,g,4.349573043208526,False,True,True,1.9351809888546618,1028852028044.1373,4.0527,0.03214385525612639,0.7073081752494517,33.411392110728066,-0.24823379737370382,-0.021516001784303608,27.9018,27.172,27.1369,27.158,14.924484161502114,20.849391061756254,17.166514201801043,10.886799320520371,32.187006964398805,r,23.263576927172874,False,True,True,319.9118777720232,0.7941664204043364,0.8714373623922014,0.6917370873843481,22.565440181398507,20.581648597580564,19.03664203262737,18.36844900762127,12
1.4709927710758333,268920383523.00403,0.597,0.3363154870003198,0.43349792376702134,105.51416148030447,-0.0613083685629568,0.11615494527402986,25.8675,24.4842,23.6202,23.2805,8.451948824860665,17.7810361167322,29.43040332262041,26.78587271210723,43.066227383971075,i,11.84497586758909,True,True,True,1.4796103290573477,270495807306.8515,0.6047,0.020773986173257618,0.7599078153699865,15.884623637813933,-0.40199135990148177,-0.09423872083790473,26.3729,26.2855,26.2785,26.3495,25.51632364100874,17.894533119125818,13.172416922249514,7.832806502694913,31.7212821657886,g,7.19957770984533,False,True,True,281.0104948097166,1.9276397958378257,0.7847856367836893,0.19003975259293573,17.648415946277304,16.232417832173248,15.722346262531996,15.430714361152344,0
0.759908526163318,169668352057.17416,1.6334,0.07158339821786541,0.49464360030663634,121.64569744299855,-0.09454976918130482,0.30196818683328136,25.579,25.6787,25.6968,25.6549,26.16506761156069,18.98201114773602,14.813586017563726,10.086466187624826,35.027536568985525,g,6.29367283359205,False,True,True,0.7963688120018207,177809011624.4321,1.8098,0.41448059052061115,0.7122643434258578,113.45768743622496,0.4773937416866266,0.07963441656031084,22.9067,22.966,23.0278,22.9565,49.09193997264184,36.73729131977399,27.946170283062486,19.651816992123994,66.51494553170382,g,3.1247742413580055,True,True,True,218.1909610368234,0.6827559365244321,0.6685834765676408,0.5515558156221998,23.166067497688616,21.32539151158599,20.09101719710281,19.53908750544564,21
1.0552432178200555,283572982199.3451,2.3386,0.15405019693533337,0.5431036736655834,37.66491507182528,0.35239962395209085,0.5933694287708611,24.3819,24.3473,24.4804,24.3051,31.362398632340096,25.54788901744462,18.48327110350521,14.268653887074153,44.717665749883366,g,3.3994713214888796,False,True,True,1.1006809685164698,295783360102.5838,2.74,0.16493799968017123,0.6315143753949379,127.56204247634949,0.00022395957641064792,0.030986136784214358,25.7735,25.7219,25.7773,25.8251,32.28323836007387,26.50438497408654,20.393776299588282,12.837143927695411,46.0884927539375,g,20.041867533732958,False,True,True,239.68762880337056,0.44264256223550924,0.8970615846786156,0.548640899322193,22.768707316291657,20.92817687974311,19.70127959792555,19.15061377676128,7
1.180495215273344,282112253537.0941,2.3972,0.039262458421896844,0.6686927191747803,122.34782934820974,0.005782658915997059,0.7192284271114872,27.3667,27.2297,27.6149,27.1999,21.08101343511358,17.641431120539018,9.902459533837566,9.09251804693746,28.76306207595735,g,18.811865772758843,True,True,True,1.212489304965454,289758133525.5354,2.7501,0.01984416214831595,0.5548924685421175,52.84778334928067,0.3526518466833358,-0.0758820527848408,26.7023,26.7253,26.7553,26.8123,41.425428165838525,31.713929533238517,24.637936596908304,15.225032578222493,57.37915238124887,g,18.111097953774003,True,True,True,240.64135663572225,0.9043806642136761,0.416419035954429,0.4352202164997582,21.51100364686993,19.59469388831102,18.773011336151775,18.286808780810617,10
1.0809006318052368,373472036361.55896,2.234,0.013834667458625417,0.49604270362889025,88.59300831147996,-0.12465307044064343,-0.0765617439477478,27.5693,27.7083,27.8968,27.5611,20.116461886980325,13.586068437807235,8.738592784686547,7.077343858566044,25.138485771367954,g,12.901208364852172,True,True,True,1.2151202454067456,419847504130.2274,3.179,0.028737101173822503,0.5601653842997099,149.49486172795025,-0.14059027614573016,0.7813679625824502,26.4477,25.9961,26.0013,26.1765,18.92108151816548,20.97013702404339,17.396988778351506,10.182678279415681,34.17295936222099,r,4.057030039389308,False,True,True,259.20773377611454,0.6452654916941807,0.5271158178929476,0.6748765569066021,23.480759508024413,21.52593962596408,20.006769736796358,19.3657284282749,17
0.8935239181999005,96023162582.3312,2.6812,0.2673939917771861,0.945788698091189,151.63780464757826,-0.17851936251393646,-0.23610476764071414,23.8469,23.85,23.829,23.8992,43.03848728838747,30.15402794968903,24.129930605764113,15.172068305006784,55.07366005464848,g,5.791497110363373,True,True,True,0.305743627622877,32856949283.337627,0.3639,0.10814810252731327,0.8714005290700944,90.45165005081233,-0.06486524994014899,0.11500064937248636,24.6795,23.7715,23.4981,23.3382,31.75953077683674,39.687894144778845,37.250744354588484,28.659121210773005,68.18286141123698,r,4.870918799185655,True,True,True,193.1001602426131,0.8012863648451598,0.5772022711245047,0.2530963621080553,20.39693111390317,18.765424243826942,18.18510158387585,17.891254120996763,5
1.0019945143673332,185406637693.53232,0.9959,0.03710395297724972,0.5755035949655194,33.90841738356844,-0.2355299073420872,0.40295736971564927,25.6515,25.6172,25.2207,24.7874,26.808039373238262,19.90084040170551,21.082543144858704,19.651027174583714,43.06844333708557,g,3.8205209446941497,False,True,True,1.258329607481704,232838262373.83545,2.4373,0.02478206164388183,0.6730180057920406,39.62465233924016,-0.24342760857478682,-0.0004627240807722611,26.9317,26.9879,27.2505,27.1876,49.08166816098982,34.384981535964286,21.270293202703396,14.341925926932586,60.02089138445145,g,36.119532985830766,True,True,True,235.65506773622394,0.7896833721015027,0.6811676887382188,0.3105702485607902,20.174410563471476,18.34224395956676,17.704748199372283,17.364584544055386,5
2.4976289076158245,889068044603.8425,2.2646,0.03795582114175488,0.8523172767127254,17.698445242209996,-0.05949650665472834,-0.6131726525484732,27.2675,27.4273,27.629,27.5673,21.9559108396718,13.014175003169173,8.155632319719798,5.496097944569255,23.602943716230733,g,23.681319723245302,True,True,True,2.0392288086002766,725893732184.8702,1.0012,0.4151885412938297,0.8015585972584631,139.02148656794012,-0.25672949872434975,-1.3894571802048166,24.154,23.8739,23.3813,22.8259,17.17915787233866,15.705493847252184,19.24101212126353,21.043056225961877,36.54796230648373,z,3.7026330026422136,False,True,True,331.8709934705519,1.400501568913543,0.6412272457329515,0.2971235858660486,18.387715853846597,16.61377525892059,15.983785148434425,15.658203240177123,22
0.775480401330643,228896271598.63635,1.0634,0.055325503321571795,0.43453074545979,14.200230078499914,-0.017522799128786914,0.6779322720669245,25.2154,24.7494,24.5627,24.3079,41.207525929019226,45.77415012982317,42.75292928112476,35.08850559246618,82.27294288894997,r,5.2177441801923425,False,True,True,0.7386862832346701,218035859866.14542,1.015,0.10940711350727651,0.7141915231696092,148.29145201718018,0.021843188256902422,0.19527005379208742,26.2951,25.556,24.8725,24.1895,15.194884853402367,21.44767917472944,29.332398717139906,33.914286977950496,50.8017188222039,z,8.579319975304868,True,True,True,252.8132196706527,0.750507449924813,0.44247878853318434,0.534880949544231,22.313786975017496,20.4734266316612,19.2834450077903,18.739898683171493,11
1.8669479667510092,575535561022.8103,0.9757,0.026540765071254704,0.28881588489225674,178.29677457496308,-0.1647366681898258,0.43812523004995146,26.2254,26.0483,25.5753,25.098,29.653370888347613,22.652534012857164,24.565126948117932,23.63335622346675,49.23335681087724,g,8.545982225415548,False,True,True,2.2415361171581103,691012159801.4204,2.0239,0.1567948990682609,0.7223415588447335,82.99369940244782,-0.08715606130019078,-0.326226755056252,24.7709,24.8791,24.9237,24.8702,47.87127361562915,30.120257206068437,22.384878954633333,15.637862223705111,56.200878509688145,g,16.74903234039548,False,True,True,314.82538682853004,1.5062779017804762,0.8957032456973306,0.2813035330850024,18.348105481252894,16.63491949955473,16.02091286793382,15.708408437031903,0
1.340329844873478,256959783691.6881,1.6773,0.06021124461433838,0.6926831515520981,154.1053169950633,-0.23382053985629467,-0.9009095020188808,25.2681,25.3376,25.3421,25.2504,27.125938323999332,20.087348274365365,16.236804699576993,11.68765651902247,37.85094484175849,g,3.2811968065084463,False,True,True,1.4210792915166925,272440570321.9542,2.4448,0.24893339408814,0.4266473844752051,92.50039965820552,0.056962888723106946,0.3564561398919473,24.1672,24.2417,24.3071,24.3921,51.236346443814305,34.384469317222134,25.553380416000266,15.813734662044018,62.22800824245989,g,10.148806381556327,True,True,True,247.6502785196831,0.825211301232363,0.5379952921982469,0.28330221670671124,19.683219545874945,17.96292322315962,17.346315055302405,17.032623543402522,5
0.916508025042867,270079022907.6869,0.6639,0.012308012450229399,0.7288160490076427,179.63375745061987,-0.038896709656384934,0.3731322270925511,26.9501,27.3605,27.5812,27.8008,24.352479969951574,13.542660648690843,8.423096329804597,4.202936695801525,26.51731984863917,g,7.43007383486975,False,True,True,1.6872183492729589,497193991489.87024,2.2335,0.059207452770436396,0.6656605731351588,132.0233667877136,0.15671023716785343,0.15428150900208668,25.1864,25.2223,25.2996,25.1851,51.05640405472753,38.370617391923645,29.03180549333706,21.107825423949127,70.10349328537386,g,11.73647872404924,False,True,True,281.4055071926791,1.0267610750434903,0.8143922059842261,0.3672123104172345,20.18116792608425,18.21511883397707,17.54560730915463,17.137850586091044,4
1.2408990510514362,210665990907.98605,0.6395,0.2257061637954845,0.23863574024550505,82.81538665583476,-0.4931493989091143,0.3697104821508711,24.8456,24.0962,23.4979,23.3248,13.956574130860751,17.219991750665145,22.39423361298996,17.459119108883442,35.829934119886886,i,3.548957209783961,False,True,True,1.5759285617742813,267543561891.73593,1.4972,0.041399649829114996,0.6864157246613499,145.46927073249083,0.5964771461247111,0.11394004507253284,25.3099,25.157,24.7772,24.6216,38.22402845878835,30.64934518878764,32.3272983926713,24.559873198157046,62.35575417028136,g,5.23581650885299,False,True,True,260.6654192544101,1.281838295922591,0.760269583666348,0.20945954021677735,18.41700702517713,16.921477290915206,16.385748032909497,16.098283329340667,4
0.8052677327609034,123181833925.45433,1.9544,0.056484292036648016,0.565168096525714,127.71696760086046,0.0047272698356288795,-0.058769524256861466,26.8326,27.1526,27.0942,27.0717,30.961747550474573,17.465877333628825,14.365416192759387,9.439634653657864,35.81053029620743,g,29.092153282043224,True,True,True,0.7691289229150614,117653678888.82893,1.644,0.2957446229436111,0.3014073920189918,80.47916002738383,0.25661327562361946,0.49058206582054675,24.1977,24.42,24.0169,23.9897,22.210465357216872,13.500646133134204,15.457042606059094,10.406871260736144,30.391093551760086,g,3.695393031117117,False,True,True,199.13582342560773,1.1615358696627787,0.8806381865809959,0.38890514088303024,21.950722479960888,19.995360196415763,19.2922836032133,18.857539256850323,21
1.349809261331849,796351293277.9677,1.9792,0.15837489728919313,0.8323645104996902,15.426312502747418,0.4014166273955067,0.09868490831106837,25.2267,25.2748,25.3518,25.2844,22.480213759946675,17.087115257461686,13.075149082683646,8.945739159424164,30.828032038349523,g,7.322814061998711,False,True,True,1.356778285494006,800462830784.3431,1.9937,0.7810171892501143,0.7663562156198632,93.52382161269894,0.45104808031213317,-0.31738944748558745,23.0954,23.4493,23.2166,23.0173,32.541841735684756,18.546271847038675,18.674538230654978,14.3980461258538,41.821647967830685,g,4.142401576129592,False,True,True,325.75929168952104,0.9152816975963546,0.9072117308265631,0.8335002746380101,23.93364884477882,21.28880551195137,19.996464403806957,18.886325471494114,14
0.6438617413886245,185009812322.87302,0.7331,0.10405543619117827,0.709448576319772,124.3729356136515,0.11084724101541708,-0.19607644226872442,25.7766,25.3526,24.625,24.4094,17.779839399649518,17.637834798028937,24.274764344029013,18.802340669899618,39.409278833459325,i,6.934423367424576,False,True,True,1.2168579784006823,349656846704.3232,1.6453,0.06369309187394044,0.6626661587577436,81.62989574427067,0.0076947559707844174,0.8307767001235921,25.5784,25.644,25.6199,25.5423,21.181354081959903,16.29155727112537,13.750231514969578,9.792674132906512,30.83908438591893,g,3.21544948777573,False,True,True,260.3068361209702,0.43695066448469866,0.8589456737042896,0.4563636605794182,21.390325922213723,19.485356739057064,18.586965347721584,18.08533486137856,10
1.321937883054881,218363867630.36374,1.5386,0.10637732405351577,0.8299646812629214,157.97377635061295,-0.4905311821950595,0.4571063191527555,23.8118,23.8555,23.5587,23.5077,55.88815189781628,40.236029970130836,40.975206176256,29.407489300158712,82.4087657107357,g,3.2829856442182535,False,True,True,1.104463565229398,182440445085.79935,0.8093,0.09470281355606922,0.5792649278936013,123.26762005468126,-0.05037815656066778,-0.09870163731551454,26.0898,26.2145,25.9695,25.9396,24.54428687866485,14.155318897617734,13.29231483040576,9.039491792712305,29.261463850231447,g,16.67619128158563,True,True,True,242.73566293489935,1.6741477201262975,0.6580954236141017,0.24379406476028848,19.16514702586365,17.558455073330034,16.98529754250005,16.69820333132712,12
1.4447798679405697,447155239450.62787,1.8531,0.2425033885234206,0.8125438777043559,145.89168968614402,-0.24256559959145568,0.21565487786213788,23.6102,23.6171,23.6873,23.6068,70.4383187154135,53.44171925539958,40.16912846558417,28.361069143654408,95.515889806881,g,9.10401756773431,True,True,True,0.9952023681165825,308012288301.9765,0.9049,0.043536987665100405,0.4170059879708018,48.0289410253207,6.450959347300345e-06,0.19926901641859046,27.8897,26.8116,25.7981,25.3335,14.069582420692969,23.936407975072747,41.26995874716468,39.02376767051284,61.30606203680116,i,22.800630607098068,True,True,True,274.4560731544914,1.1451780724087792,0.723782406217482,0.43195412400860517,20.885377074004293,18.96692131689216,18.155733090452948,17.67285242923357,18
0.9749574450356413,355664794661.51465,1.779,0.11338510751329421,0.6557539713259011,26.288691618876207,0.032920162301056134,-0.34336838212904375,25.9406,26.3166,25.9387,25.8799,20.813960328478768,11.803071221977582,13.041160564325097,8.90204807083543,27.248478205718136,g,8.495194078597038,True,True,True,1.008183832411646,367785791637.95056,1.881,0.32858758287183315,0.7178290676277488,59.27407304547174,0.5871465143654148,0.26975584118982404,23.8173,23.9178,23.8532,23.6874,26.744814483595366,19.30273269586897,16.402797402367106,12.456829012824723,37.23188144339857,g,3.293787998931003,False,True,True,264.45382318730685,0.6434983089380121,0.6221633623191096,0.6988348022965732,23.601351632111406,21.597234188713667,20.04587612910151,19.366657812491525,4
0.8437950082893405,181103240606.54453,0.6188,0.05478741612348805,0.5930443471681776,17.603022726498438,0.15444596628348398,0.05488823075235539,26.964,26.0608,25.4194,25.1899,15.960892206700462,21.407135211301775,27.269817316132276,21.78580222400786,43.731452426701914,i,12.61286155365723,True,True,True,1.0453300820218567,224358598353.7215,0.8144,0.18250994020291716,0.282832479111368,39.28702400612097,0.5659540490222991,0.2661092623807842,24.5819,24.5072,23.9047,23.7994,21.790894823930525,15.583077367121282,20.334751022545316,14.820495654510552,35.67804144497497,g,4.053566548271627,False,True,True,253.6793406939271,0.9693512629241616,0.5678967227953322,0.3110029032702754,19.992613705019757,18.158497915710427,17.52071131395207,17.180206730557202,8
0.9521270704722021,410839111959.70496,1.5203,0.021912667964639358,0.958732058821826,59.990268520728435,0.01328723839890003,0.03383074971228001,26.842,26.9316,26.9048,26.9385,63.76914228283768,47.3327835587795,38.43369801458813,24.056622876338885,87.96161363302838,g,58.681111813680666,True,True,True,1.1069303087456963,477636104622.9083,1.8493,0.09111372566704262,0.7495787800429957,62.13198579495494,0.23538900734786597,0.4770677474438489,25.3175,25.3708,25.434,25.3374,25.100475578415164,19.248865227551736,14.778559732005366,10.500821996232174,34.94547035664441,g,4.384279714555894,False,True,True,284.73463670674647,0.587855746254027,0.9387876134931198,0.7359186201150634,23.65447375230151,21.48558930477699,19.965594807286525,19.207055864786078,0
2.049513632969086,490912234364.67474,0.8499,0.26172200716010235,0.5360852969082749,113.00494108587172,0.1055264319986565,-0.3690174334473108,24.4882,23.9718,23.1435,22.7258,34.05887193566074,33.826227274270295,53.94807724174262,52.502876424602725,88.14980623266908,i,12.750896655222792,True,True,True,1.976667565445557,473463691843.46716,0.7607,0.07155569729875197,0.6924290222740572,37.72765809315093,0.7754930254949313,-0.34985504767028197,25.256,24.9107,24.1861,24.1274,24.927892217758252,21.93354729955222,30.74373615218215,21.658706946352314,49.638826002907564,i,4.079947707344475,False,True,True,314.4375768510727,1.7681782244553625,0.695960827440756,0.2013142882105503,17.35208192531222,15.889002251171561,15.364117567405735,15.075058399654779,1
1.527660634909743,658994474541.5574,1.3303,0.8208084056570438,0.8765459628155154,150.76124160539595,-0.7603431425364164,-0.2985688407295649,23.2798,22.9591,22.7421,22.4897,21.54867015960154,21.43654359007964,20.223730452551365,16.505178542364316,39.60598425251572,g,3.58580507105858,True,True,True,1.8910158018474021,815736778320.4259,2.3188,0.2188513395798558,0.5258795752201482,74.83174388131681,0.40257102009564266,0.5545875387376752,24.1507,24.1862,24.2431,24.2923,33.479669297357056,25.15239400139946,19.051309711632772,11.97909731076094,44.59312179749087,g,5.4520439992678895,False,True,True,312.90298144911225,1.2206695848601665,0.674750464881659,0.4890132277143873,20.756578129139914,18.88574594711109,17.85680088365024,17.338094620205027,14
1.241079049966216,603458589731.8295,2.8963,0.13468607991858123,0.7976768663117674,149.54126651538013,-0.03609778364811171,0.49844510940657233,25.7789,25.2761,25.4699,25.7619,16.493264661938557,20.118111670865062,14.114017260797532,7.126750977841335,29.29293569167618,r,6.501645637706859,False,True,True,1.0350941879567814,503301122455.50836,2.118,0.19850938501805165,0.8447192420483219,177.29811467942005,-0.1773523099167282,-0.25586309463616175,24.853,24.8614,24.8809,24.716,25.55069528812871,20.11609878388996,16.3168590927577,12.265820688171296,37.168091026338416,g,7.057724117528852,True,True,True,291.6502880840728,0.6269276468414645,0.7605049361647758,0.9143079614132383,25.170888596791,22.385772912154792,21.140584682811493,19.88830761214245,19
1.3208334577457705,415407226913.1485,0.9892,0.5125156014432286,0.3802367419122368,97.62723136025528,0.03861086403127359,0.17537630024613485,24.5793,23.8764,23.3192,22.7938,19.496728959142033,25.483630807299058,32.6184989887751,34.16552402538227,56.52359793219869,z,7.5352867055661985,False,True,True,1.4654162296328588,460879067421.74347,1.2105,0.4345741473287641,0.815289999266991,30.3609671977805,0.12573528819709873,0.5337286170306227,26.4295,24.5898,23.3538,22.6036,2.7810811323466442,10.487479496931487,25.031585198092582,32.076185304408575,36.642400505821506,z,5.79198059709093,False,True,True,288.2941578548044,0.9042441609135181,0.8535588698213461,0.3770728551475236,20.196313453717693,18.233971141017804,17.55222686293845,17.130665128384457,27
0.5247424589654682,96023363073.81139,0.8825,0.09346568168373036,0.5972062225378452,59.97762675002599,-0.10291680975870297,0.03533620355297417,26.5248,26.0299,25.2938,24.8578,13.606142719704353,15.061666642397894,21.72393510099431,20.487565569267023,35.78658747994559,i,8.954274888232234,True,True,True,0.8968077326578761,164108112559.03296,2.8567,0.3836774652846531,0.34527205847383047,15.783701442870088,-0.388194394286866,-0.327715992188079,24.2783,23.7972,24.0577,24.3442,18.60297087784939,21.816160996607728,13.848435525279932,6.992433493224688,30.694147818416134,r,3.9401175852553547,True,True,True,207.84268035442787,0.942721870607236,0.7560279703337978,0.4554918635431104,22.471336229192474,20.56588461780372,19.6708847781206,19.169778134614827,1
0.9333867170438053,237949964266.91376,1.8437,0.23930129922675145,0.8911878893719275,78.79793044441494,-0.396066370552991,0.3092514950036147,24.4805,24.5332,24.5911,24.4773,21.857800980600995,16.228672555526188,12.232640388026702,8.856177487350045,29.387340516828154,g,3.9537839819846363,False,True,True,1.1590233511944195,295471919586.2388,4.6666,0.03429539141700828,0.9626933131479904,70.13746283408534,-0.4155510993761194,0.23094508378878778,28.5335,25.3153,24.9292,24.9245,3.420049829076607,32.94731834182108,35.76633701536254,24.471102793199783,51.63398776876839,i,4.48176712758885,False,True,True,234.12511205859377,0.6780338601901628,0.8201180998221289,0.5423871856081235,22.713455841807505,20.873164693925247,19.662925658164983,19.115262037467456,0
1.2343123453062155,834049999280.7537,1.4874,0.013679390848468377,0.7203506056513528,130.85399762617294,0.2569580812625907,0.048536561198347886,27.2662,27.3185,27.16,26.9858,21.35586283436405,15.75039641094395,13.704863897497555,9.65488248465123,30.373728375926206,g,9.609214099577912,False,True,True,1.5047248815996828,1016773259368.6372,1.8266,0.01249084455950627,0.7276667567560806,172.39987272376476,-0.020645569841214132,0.24243784025544185,26.3617,26.4167,26.4748,26.3778,53.188043436355656,42.168358863467766,33.434275810816246,24.022481524503128,77.79170969526415,g,18.63634470389921,False,True,True,350.02503273585626,1.0760134482061081,0.8543858165748692,0.8134259496926431,23.251103135144383,20.70539666659111,19.37679588612272,18.340210460424345,8
0.275839212448395,50900705784.82184,1.183,0.03205426129940824,0.4939214501765231,83.14072809841547,0.04708367786879419,0.009911291129615704,26.3352,26.2641,26.0069,25.3816,34.0718411930433,28.20661250339617,26.83928253886127,28.13776166000354,58.12601412389982,g,11.086005673942298,True,True,True,0.42027767285699225,77553985106.54298,1.6773,0.10720657948143683,0.5585947918592578,108.59743742149182,-0.17482066373306168,-0.1690027264372791,25.2681,25.3376,25.3421,25.2504,20.271717334343393,15.123192035676023,12.115359387156882,8.466062171504271,28.02785395204859,g,3.410425769773909,False,True,True,184.97153346001178,0.35838975457019556,0.7912150889848834,0.762776098780209,25.929831716873075,23.62756325222089,22.168732264949465,21.330249185821685,16
1.1351984754979383,419319264139.03815,0.7746,0.1043018355558569,0.6759771108636676,117.15657291742458,0.22112467219952864,-0.5135918552498309,25.3501,24.8521,24.0302,23.7832,18.450399390486194,19.61327334829864,30.545312836048005,25.323810042373577,46.70041754200819,i,3.904227885141829,False,True,True,1.4417895784588672,532567791563.95557,1.0335,0.16918389112879545,0.37154344868178935,165.307421204438,-0.23776132669460928,0.5506227885094892,24.6886,24.6144,24.2576,23.7152,27.505427445018167,20.90435006386411,22.177682694297506,23.190908293408626,46.27762588889182,g,5.3853168366148205,True,True,True,305.4738321970406,0.9635000917068514,0.5550748414668767,0.4056949622676289,20.086090479635555,18.1449328623268,17.40686645936885,16.95275485818088,14
2.0971148752331947,903535010140.8296,2.5959,0.2407194570991227,0.5659944189891504,101.32704425804963,0.28031586382242374,0.3023416022770289,24.9562,25.006,25.0554,25.1435,26.058621824665522,18.79955139687914,14.234399632094407,8.582116472504989,33.44998478215039,g,9.84906397261613,True,True,True,1.8393752282936338,792488735441.4836,1.6117,0.10261415663133801,0.6702480398646236,79.47341237693817,0.35066419221031236,0.1586372920033414,24.7125,24.7884,24.7706,24.6762,64.04946756563,47.184693109770585,38.317462705197016,27.376008125431852,88.43409481146158,g,11.38139638396903,True,True,True,320.0432308010746,0.9409442835516348,0.4726531598988031,0.4498854893864152,20.2125793529512,18.30420763297852,17.430361112193626,16.933094057371452,17
1.415974483425789,356899237641.9628,1.8249,0.791095042581543,0.3167214022072974,89.32530792498298,-0.3022511236988942,-1.0814128345369884,22.1036,22.4542,22.2558,22.2447,60.89149424955698,32.51636960123492,30.97565854159394,20.64305242951364,70.90327028893546,g,3.402199649890966,False,True,True,1.4430095803356844,363713488597.5125,1.988,0.22057934654212638,0.25252668804672274,85.94439950652449,-0.8165468915827101,-0.09523836610739743,23.9013,23.9808,24.007,23.9201,34.682248128537175,23.788414212017777,18.4688452685273,13.13113699526364,44.38500389288383,g,3.0297110066529838,False,True,True,262.2332592455393,0.7652609340452358,0.7014096587251568,0.3586123477544213,20.312964748381226,18.34834779131687,17.684761691000467,17.291529509337607,2
0.8584926724164347,192510654065.5372,1.9073,0.12997085910272405,0.8663998412367746,42.128527739789,-0.3367619797081182,-0.027086713638905052,24.5,24.6116,24.6178,24.5261,42.94388137590135,31.370327127495052,25.16671787228975,18.028757269289954,58.88997923063175,g,5.667853592437365,False,True,True,0.9553090733309011,214221018362.36163,2.759,0.37847092596251763,0.8069364973790546,65.86639207124108,-0.37452867167796167,0.35383001912582357,23.9248,23.9848,24.0666,24.1118,23.862449336615715,17.512755425736202,13.005093511759084,8.170740774016453,31.047520896164063,g,3.7894566440305106,True,True,True,221.21885937869357,0.658386920003152,0.7206264947350857,0.5267626013221008,22.793225978058103,20.952555526380024,19.784578926235195,19.2465387690186,30
1.2606754963322249,182760270736.31732,1.7717,0.13889464411509247,0.5539481015677159,153.81480423440777,-0.43000519459175257,-0.5243681794890701,22.2828,22.4027,22.4253,22.4817,138.3932382967938,100.16566057570682,81.44852068529669,54.58911418664601,188.61070476932917,g,3.413525538128831,False,True,True,1.0550705464596122,152953697662.77902,0.8298,0.019634110558557148,0.5995786129576375,30.81612453303125,-0.2142033987439692,0.0260741159957728,26.9746,26.8632,26.6032,26.6036,23.874011728263877,16.47131897030337,14.879527781561473,9.55618880521592,31.43753871282908,g,14.896265734373586,False,True,True,232.65471595448616,0.9529049604547918,0.7015720327060592,0.2293630834936916,19.11603109375456,17.551412053166928,16.99235143276254,16.707926754686355,5
0.717032221235085,80872868146.13191,2.5769,0.2305928891931604,0.8025757800754839,142.87577114265997,-0.020181317458021597,-0.5258736160944516,24.3159,24.1163,24.5272,24.3368,27.57553388218199,25.056224676897845,14.309577061282118,11.268750841781918,39.11309138359209,g,3.686877233757337,False,True,True,0.72428354692211,81690733074.37917,2.7743,0.016519983449292844,0.6981814473344601,133.79170834350154,0.03249210210252977,0.1450078686367081,27.4614,27.2493,27.5069,27.6232,24.165799795075777,20.509830203174616,12.694205356864122,7.294212484496181,32.476734196697855,g,17.7494034421867,True,True,True,179.05157856941625,0.5077073702421119,0.5781906804555674,0.3367388631730448,21.862808750547547,19.932236190249984,19.27872309634185,18.91607271087608,11
0.7871131691355255,189893905831.86844,0.9125,0.47023913143484125,0.592477600553869,86.22413075572709,0.034160315183547375,0.02560282546686251,24.1399,23.9757,23.3893,23.0707,26.947456529226635,22.292009585919725,29.004060172388275,25.048935336361037,51.409211681833995,i,5.334434625707003,False,True,True,1.2190000842322966,294088189959.3665,2.5359,0.2706419885454003,0.7925346772691568,107.70717886515492,0.23400427213204336,-0.07976221105403415,24.9752,25.0053,25.0265,25.1161,22.633306010612124,16.64292300515137,13.038106964022052,7.86474613811664,29.823779282312174,g,8.884256206941412,True,True,True,242.62652168730202,0.5841039810939015,0.694732386462442,0.4300638020916543,21.480940673959026,19.561156142475628,18.756011444367022,18.274985330928825,6
0.6786669539829068,68243291506.348076,0.3477,0.09212028426240589,0.8375998186014786,7.805015867735938,0.02008990238075511,0.24069049009476357,24.3003,23.4977,23.2306,23.0736,57.75575252314447,71.8234184785652,69.88715746894243,54.149014844909544,126.95476175213369,r,7.510089608627449,True,True,True,1.1094656194507007,111562210654.43561,1.1068,0.10344267774481901,0.6849539888105964,45.589710105258696,-0.603038140495441,-0.08357680451630654,24.9952,24.8063,24.46,23.7903,26.22854724959537,20.314747490426896,21.200892082786496,25.220947364783374,45.6668611166206,g,4.939269227207295,False,True,True,218.63767428692316,1.4530962332033808,0.3645282159014869,0.1686828007486923,18.415431734481032,17.093689989868004,16.610042877549063,16.315925139110103,1
0.5973555663212405,144429346454.6248,2.547,0.046141437733597475,0.6367525883300224,160.3742931361884,-0.08290994551577979,0.01143049567013574,26.1502,26.13,26.1945,26.2331,44.20828491557752,36.33803141248623,28.686658455838554,18.306121064565186,64.7223130400074,g,18.562546226075305,True,True,True,0.5307236526702652,128319002324.24788,2.1,0.08381917519619701,0.8916148879138182,92.97586604280971,0.046402953517057095,0.05012590264520801,26.5297,26.5608,26.4962,26.2051,20.346787844904703,15.575645992538846,13.470724886211551,11.218843201790039,30.293616523731043,g,13.664306616065108,True,True,True,206.49118851182612,0.3865457767833146,0.8489206062513838,0.8888518048246025,26.586004930633386,23.803053111068746,22.562375972377858,21.323929494109887,11
1.7272381833649935,246815117896.17114,1.6683,0.057511692004435205,0.4320930211424787,4.696790462073526,0.023050399843635255,-1.1692575691325107,24.5661,24.7016,24.475,24.4404,45.09893164025533,30.131663755274236,28.43605516317151,19.744597622445664,61.432273830810885,g,3.9443536773106596,False,True,True,1.6963707855033727,242404295743.36215,1.4201,0.27352181322201763,0.8193980504849627,8.561285268033865,-0.050274605976026156,-0.07675591489053095,24.5527,24.6566,24.586,24.4508,33.62254535741185,18.97330816927948,15.473424201938702,11.675331977897159,37.58877274006704,g,14.610515501776876,True,True,True,264.4916841978222,1.3511325880863783,0.7194422711534465,0.16272626463184095,17.294832805392176,15.998911667321263,15.523027262570448,15.228197951183397,25
0.6322035563272661,73627567426.78735,0.7176,0.0051658098381316825,0.5700488718571948,73.26606788603182,0.022030182878397506,0.11377311069238452,27.7155,27.7171,27.464,27.4561,29.748083759994042,21.005714484055225,17.89236422278166,11.441925530368568,40.46135624515572,g,19.045842584347145,False,True,True,0.8374489982256126,97530822100.33199,1.5881,0.08461549886427877,0.49500352640551004,70.26802408476199,0.458147556630691,0.14551146099571463,24.9365,24.9792,24.746,24.5583,28.830805648616995,20.32489939101889,19.470647534576997,15.145281418871297,41.34828725686819,g,3.3735095666109447,False,True,True,195.68199984809107,0.6878816913325284,0.8687644909678147,0.27260278224190326,20.595043886113974,18.909875356610883,18.306068314563102,18.000470634619855,0
1.3098194364873508,179693429022.82336,1.3089,0.4617741434781328,0.8502956310007541,52.14800606656214,0.3406473377516093,-0.8483256181569837,23.3092,23.3029,23.154,22.8684,27.554604528590037,19.531827423564106,17.905434210672023,15.522115749830444,39.3990674986691,g,3.3000436497342975,False,True,True,1.4121855257265865,193736978140.08542,2.4301,0.030727439519117796,0.7139099077911456,47.16602292236239,-0.02191265849839489,0.17762380323665364,27.6883,27.7303,27.7865,27.8514,22.177666089935908,13.520216398670128,9.446659004947785,5.687044539758363,24.394843782066978,g,36.85992220424823,True,True,True,238.8599919647608,1.0741039766350726,0.7665937389170452,0.19939958606535077,18.48197363570014,17.02671618585024,16.50434472863639,16.214928367976704,22
0.6281075039783638,136680308027.82518,2.4623,0.03870249494467136,0.8926875739638768,80.3927472740363,-0.026041694165327794,-0.10693413126253529,26.9157,26.8545,26.8839,26.8426,23.321698283852324,19.1091340845494,14.902949753201787,9.998253986806347,33.880466909060004,g,15.106487568741775,True,True,True,0.4221079035890196,91853445338.73636,1.4045,0.22873763009695205,0.7477740466141082,74.74973098235223,0.1267073781328232,0.3301214317617139,22.146,22.3013,22.4301,22.5227,127.90855261404712,95.2797586539999,72.05544824072045,44.86244508123314,173.21589460370586,g,3.0219965077257798,False,True,True,201.12524974320024,0.43976669863436985,0.7959834083742461,0.757391241616856,25.416904421497513,23.14093921959359,21.67156943277596,20.84769826430375,3
1.4223860302184475,439858347180.51154,1.0664,0.10088816483657095,0.853076100493532,154.18696492809752,-0.0016931269902455736,0.6646732592854189,25.7907,25.5959,25.1992,24.5735,21.781225555542186,18.40846407884943,20.477094559397504,22.942993431534774,41.351109482154605,z,7.42653249626059,False,True,True,1.7505992562632124,541354933946.5265,1.997,0.17895867788779035,0.8755107517476931,81.54541217027224,-0.1756027527097752,-0.7711508746775847,22.6847,23.0036,23.0392,23.0594,133.11508045538872,83.07806698118574,66.62131815996256,44.54859827773629,164.99925326159,g,5.948200465447861,False,True,True,289.308454963219,0.5932087804115674,0.6571215419317846,0.3630988562418573,19.888734705581655,17.92257128045908,17.256130381519405,16.855428827382106,11
1.1326887380953243,291133600255.54346,2.5448,0.022524552554391612,0.7855210966095502,169.52890948125648,-0.07993408790676565,0.18375607882240783,27.3589,27.3912,27.4135,27.5051,25.59483980469704,19.033060455460078,14.589287234020583,8.615185861793654,34.24634731338974,g,18.829751181318837,True,True,True,0.7669246711231003,197121709715.52133,1.0772,0.07271515485968871,0.5842780354468531,26.65364744430256,-0.17368103027046278,0.44853424554462645,25.2477,25.2001,24.9084,24.337,25.588418907122442,20.493385888889573,20.94030449545283,22.011088559910423,43.95106919039456,g,3.4116244064312693,False,True,True,240.35059369035585,0.5990923388191132,0.6233217307651294,0.49800500119254826,22.260086793488206,20.401603694354613,19.33734121982294,18.81303748637088,4
1.6321519093268506,397249067759.65936,1.3526,0.6976973581380675,0.7131649768112545,53.57548811400535,0.04209934522784371,1.27993670416414,22.2332,22.1093,21.9756,21.8442,64.11197018790854,52.81019973235173,47.51891429620279,35.80533958645967,99.5141373146701,g,3.619862445317182,True,True,True,1.8212299591998211,443268729665.29047,2.5292,0.2739892362303236,0.49533076901237616,0.29402700407480387,0.09195908621418204,-0.755926744905536,23.4201,23.3338,23.5764,23.4735,72.57344376671924,57.22870877570195,37.3431337116038,27.459976415284803,96.03728270798209,g,6.69754162941214,True,True,True,279.604222898915,1.0819819602299119,0.4886125964987975,0.28168279956997905,19.06725457424283,17.35273838781239,16.73824282229598,16.425503492149204,21
1.3014601391168898,95335419776.52228,1.4045,0.12004566135088071,0.2860782449793069,108.80742882288773,-0.018388280462940023,-0.17018650466129764,24.8869,24.4972,24.1286,23.8961,41.215151289095964,35.8478535148867,38.54322753366393,31.325753163916424,72.3175043460719,g,18.207547883879617,False,True,True,1.3276925330004177,97257012461.12509,1.889,0.07202736610334431,0.5029952063484944,105.21181426593864,-0.12480395581923094,0.02302979689640701,25.6457,26.051,25.7216,25.6036,35.560845751997185,15.184075049175618,15.462126952580377,11.152803084173005,36.388547162964414,g,22.042242507654564,True,True,True,224.96325804615074,1.4218240644415185,0.8880125842007034,0.10849334106170494,16.84251559934509,15.746799867871264,15.354497045420011,15.039056084458384,21
0.8082086920054655,256205183927.37384,1.7318,0.09993170324094096,0.6809195371410871,106.59638656676628,0.17428222248130332,-0.1547114977197642,24.8309,24.8789,24.8245,24.7154,38.131642990295546,29.322003697074845,24.799275119113762,17.86889122931536,55.173720817069395,g,6.708705195259135,False,True,True,0.8780504304497464,278345276728.80524,1.9827,0.32314942254074114,0.7628182877172032,101.97833889227802,-0.12920294972780233,0.29377297467638297,24.258,24.4237,24.4007,24.3813,28.899096144646034,19.666195006736647,16.19021365816033,10.75662062536612,37.65452340910841,g,5.643944149325891,True,True,True,245.41185655146728,0.6881529331316709,0.650937019089707,0.7149574133333693,24.120151449144142,22.053404809814975,20.503354239423558,19.796048087733013,6
1.4819733933234018,366858886920.89075,1.0284,0.18820945301882402,0.7244279366315807,97.54481329662163,-0.762819805241622,0.6085002530802172,25.0265,24.3252,23.7386,23.0955,14.206408321206519,18.22436223681407,24.328891159756886,27.900866671677143,42.353681545360544,z,3.087511505607519,False,True,True,1.7067401839674634,422499355909.032,1.7282,0.0692023581026163,0.913548989438359,3.4064228568726684,-0.2993655526292885,0.02109704595993968,26.2585,26.3251,26.3265,26.2255,22.52245716494022,14.87950928752575,11.42454977062595,8.187187921961756,27.90573350738623,g,12.01240107898699,False,True,True,279.4699879543517,1.1110152817681571,0.9492485677788615,0.2889274914335653,19.181269469904198,17.4398790159588,16.816321964551392,16.49916443457017,0
0.9908979351779675,201996950397.5829,2.1515,0.17034862038714357,0.5765029702270419,98.84765706050361,-0.21695976629446087,-0.1198843963355704,24.917,24.9913,25.0803,25.088,29.10901750107568,20.83497886370645,15.415351769114965,10.015726345628519,37.483237297849975,g,7.603370688223137,True,True,True,0.7035528340855756,143420953746.70306,0.9836,0.3930755784935498,0.6941881565718254,77.8939357342633,0.038489286463416095,-0.02718634886388851,24.5567,24.2184,23.6926,23.2367,23.225435113422293,22.67451307660896,28.086488306817717,27.41674981379512,50.72254149941551,i,5.7615146354673525,False,True,True,222.80808003623264,0.36814419794836317,0.7875930293424125,0.43151684366582216,21.8343826870384,19.91562540813313,19.105834188102992,18.623390983836426,3
0.6697652687415756,96292507523.58981,0.3951,0.01983912645500648,0.5003051226070463,178.08573221242239,0.08760954723124775,-0.21281410130928477,25.8628,25.0778,24.8832,24.7589,31.91059180130692,36.328109363338534,31.958122225987,23.45876147430664,61.088485621647926,r,5.85654242053348,False,True,True,1.4039862707399837,201851849965.67828,4.152,0.04752467031177054,0.708360476015416,67.78140257470348,0.06534489641158413,0.008767037330895941,28.6267,26.3336,25.7003,25.5903,5.787763718044656,27.848433242070694,36.66506737287095,26.854984733933037,51.10690889045164,i,28.408330753236495,True,True,True,235.56200175271636,0.9389168585666635,0.7795410361648969,0.21957768628689936,19.038913676342112,17.506141107974198,16.956184697211686,16.67230914883694,1
1.0527923528265613,171784121199.315,0.9109,0.4744928074992252,0.6054327891769544,24.59907216775835,0.740144529201147,0.3385100510350282,23.2921,22.936,22.2942,21.8749,26.28385529179201,24.76335630649772,34.31396345636451,33.34062532174587,59.30419098955031,i,3.06187205141576,False,True,True,1.2157643585858724,198376262293.6996,1.5197,0.007922505689555381,0.22691796426674815,47.39982039214223,-0.27825761320805653,-0.008433575775113798,27.687,27.7873,27.7007,27.7641,42.97915245386429,29.10858123999056,22.916560978461106,13.63376807962822,55.4961942143734,g,44.03580877102888,True,True,True,235.2880895961442,0.9833404230904643,0.6198733467592408,0.26098757829012503,19.65253175065331,18.00022625505107,17.4113225541117,17.112627055651664,20
1.2497439823086955,216459710751.64407,1.6171,0.20868226648608904,0.5863886319001235,85.20616807252065,-0.6184191116021739,-0.30420363310418364,24.5476,24.6265,24.5396,24.4334,20.46461128034763,13.362971198533074,11.296089391356334,8.26863349172815,26.0238545919491,g,3.3960901701286446,False,True,True,1.1788002947735299,204172033994.72266,1.2514,0.16807515974966472,0.7074688405228962,1.0621553836907172,-0.2729507403254231,-0.5112871022104907,23.4232,23.2461,22.9568,22.4587,64.31037700610476,54.26811237295012,55.121957572989295,55.977677162201424,113.46666316629565,g,4.285407642285432,False,True,True,238.6282648213844,0.8848994700577656,0.6778702265307979,0.27262951061931606,19.703713860256364,18.01846527761629,17.414627425133588,17.109007760105538,2
0.5304258248217727,43878176435.337555,1.8841,0.2847969316947543,0.5339285209747574,18.76803394088929,0.04115904251461672,-0.27999096955097996,24.1054,24.3666,24.0987,23.996,27.29647462065941,15.735265923891673,15.821640007497724,11.511097677652437,34.51783499126949,g,3.450112097427293,True,True,True,0.5488209127165761,45399865000.29936,2.3028,0.013050453912968309,0.5106987993094041,143.81027678056338,0.006450381980769605,0.03462823145583709,27.0968,27.2365,27.4221,27.4164,32.188362689745006,21.068067913734083,13.391771115300077,8.06003312416859,38.47289978498298,g,16.181384403106275,True,True,True,156.62348642038683,0.48003483320838686,0.6310516606012329,0.3160877007310716,22.05131127458704,20.19443944068097,19.55304123626672,19.208995077836246,16
2.4053838725246743,927896234457.2919,1.8316,0.5175751838209213,0.5719652637641055,78.27381067566807,-1.2105518709493726,0.5939561759644625,23.4621,23.8018,23.4013,23.2924,24.424315430250942,12.418638313201505,13.962663158963574,10.201731149855098,29.45541041414829,g,3.3507105976449005,False,True,True,2.410467869046945,929857427131.3151,1.8508,0.22621890970015995,0.8698054914793905,63.26706913501832,-0.3588951134375483,0.4009536792466898,23.8234,23.9984,24.0817,24.1694,52.40119875817768,31.87423808417314,23.11640694136195,14.17942047252278,59.079050719777385,g,8.78065041497463,False,True,True,335.6520759435648,1.4826073380264544,0.7842849567971686,0.3233139999806252,18.584874899789458,16.698130455203376,16.05208880485198,15.702496230287348,5
1.887857487978337,928640426559.1484,3.1319,0.07019752620819315,0.7290116711302264,133.94451312436564,0.41767133038937077,-0.701328745727962,23.4971,23.0414,23.0698,23.2428,102.46426376835421,116.3129789615256,99.296226474184,63.182797235371275,193.5413790727899,r,4.700706263335634,False,True,True,1.619830820542369,796797636326.3403,1.9486,0.09920465531073476,0.7921361314485093,149.60678020599494,0.029903924395600415,0.14333933290622977,26.2597,26.3993,26.2818,26.0886,27.652295648509504,19.00140423994999,16.523272829874983,12.687113381987526,37.720918631422656,g,24.36594342934292,True,True,True,316.1849657879575,1.3122770159393493,0.9105008628905172,0.6099067002915922,21.71521128656819,19.82864294755419,18.473181943574662,17.895339345109537,16
2.034234963968636,678944711003.0327,1.537,0.13435393794856199,0.6307733043632717,139.16596941709471,-0.3552549587851115,-0.0706369717479723,25.5209,25.5394,25.2814,25.0882,29.061571824272068,20.01559636556542,19.512070698055634,15.302882322672705,41.16133551087448,g,14.15519147172253,True,True,True,1.7839408263161938,595406730403.8502,1.0332,0.11285145459971888,0.8281383758162895,19.207385892212354,-0.5221304524146979,-0.3458414849843273,25.5197,25.0452,24.5212,23.8938,18.194723380309068,18.63700699468264,22.600616629139488,25.60817672948298,42.48168341028435,z,4.944822175460851,False,True,True,313.95347634612483,0.9058694817164048,0.7429408358138816,0.3180200552691351,18.991218544817833,17.125955902899577,16.48319594646852,16.137842374590623,3
1.4845629324421508,372411282508.364,2.1613,0.13277824641932984,0.7692322691863653,86.59614447436637,0.81265200809526,-0.3209277777865189,24.9892,25.0382,25.0845,25.0395,21.45613016832194,15.116904294095264,11.561588750353566,7.910415925243061,27.67587373031987,g,3.3378891766630607,False,True,True,1.0550671153162967,264669748220.76318,0.8555,0.17350299558613072,0.884595030117608,17.56417299828951,-0.185791902101498,0.15721259029777002,25.7664,25.3122,24.5131,24.1041,14.314374537602562,14.442263099034335,22.52059400633926,21.2622639001252,36.64300500103373,i,9.22321743165601,False,True,True,263.06566449903323,1.3818039507952544,0.9314935272757517,0.3524948407251241,20.341813978937157,18.382465784492748,17.722487309582448,17.33841062303143,5
1.0273604423414309,292448266582.35974,1.1954,0.17898851579842578,0.6562310703872383,93.55603096791427,-0.2477047266494921,0.17939122711982017,25.2805,24.79,24.5844,24.1555,20.21983711114865,23.004414772513947,21.55367782060411,20.45851916137996,42.51938896084217,r,6.407355105291307,True,True,True,0.33752165767812103,96078863516.49777,0.5742,0.12429070330149952,0.6049402522822207,136.4703233807744,0.04958462685367015,-0.256938345453823,24.6721,24.6344,24.6419,24.6636,31.61372456269409,21.96105122876389,15.538490437687805,9.606301250783346,37.163667307545616,g,3.6729576306066094,True,True,True,258.6055811402943,0.7585573003189154,0.35636256944291644,0.45938974849085573,21.48196575963195,19.5787633509693,18.668171110529013,18.16515671562762,16
0.7221255570850463,179075455866.66776,1.0067,0.20166637699306333,0.2967528946839172,103.1042400781951,-0.2595946683389271,0.39393182914306724,24.5947,24.5421,24.1736,23.6943,21.523192271245,16.901200363608016,18.05961809872949,17.85753748258605,36.86195527346979,g,3.8846587524679115,False,True,True,0.9974176600235493,247343443817.68835,1.7351,0.022580610316505927,0.6561644261147543,18.31390461879416,0.010991586951397283,-0.051323334115681574,26.5319,26.6356,26.5811,26.4909,52.89064210309695,38.35978919251657,31.575571707279096,22.019948854953086,73.05657651356118,g,30.203733573352434,True,True,True,237.4959539498693,0.5958486810691989,0.7886057265382803,0.48709553308859754,22.171019322714923,20.297467382016848,19.27579981382826,18.758647573879248,1
0.9633279874523797,182088489203.84363,1.3548,0.0076837415852861616,0.7718882463265547,113.80865939254846,-0.072170109304856,-0.27141080025114106,27.1721,27.0525,27.0115,26.9907,21.36631621999731,17.746291018739953,14.427032577399507,9.710180473440174,31.934366450835917,g,7.104749046726104,False,False,True,0.8093172977443709,152977351382.19952,0.935,0.07431420261420146,0.7269996120663172,12.233956252614917,-0.42607433995536104,-0.03627227166300817,26.3582,25.7993,24.8931,24.4628,11.111275639674425,12.619300913059131,20.987478968442677,19.761004739258333,32.778030034199354,i,3.79050473147758,False,True,True,226.28540419056884,1.1632373609441637,0.7980402738698351,0.36260466702455935,21.217139781872966,19.251051757441214,18.584936738152667,18.185086806821246,16
1.0977711954459988,517420235484.05383,1.9228,0.031926037965998404,0.510916600024458,156.16352539932905,-0.20689503321569253,-0.04895993728404536,26.3616,26.7464,26.4578,26.3389,31.535414568242427,18.636105760507757,18.725653038569757,13.204825416796002,41.57893845109715,g,10.996080529491083,False,True,True,1.0589655207220865,499129683284.23346,1.8316,0.22023373599021048,0.8010596700627398,160.8087237653308,-0.09184608396446128,0.6025202157861111,23.4621,23.8018,23.4013,23.2924,58.11148763131137,35.773562901402926,41.11231010590943,29.73366334069336,82.63225172984544,g,4.100741458474268,False,True,True,292.57446528797897,1.0697833920907507,0.781458499336961,0.809458524355299,24.193734021247934,21.668379797012555,20.330851637420423,19.30974078811427,7
1.4622399808845943,282120652326.7634,2.2107,0.07064583008129025,0.7221402819992683,46.425973694145235,0.0007367397298354513,0.04655008913916455,25.7442,25.7414,25.8003,25.6907,31.34040499531383,22.300818858004313,16.471457159431466,11.934652125971773,40.37369187725133,g,11.032188547739516,True,True,True,1.4567015458145292,281052081548.1892,2.1494,0.01808763659076348,0.27607573853129286,114.49243335768605,0.1795659447293496,0.4336800489856159,25.8089,25.9607,25.9942,25.8056,27.06061588178543,18.809056441505064,14.31108885542005,11.078320180363978,36.288479178161424,g,3.6019521978053812,False,False,True,251.75498916933412,1.0386120261206617,0.5575783381059934,0.27293463364170245,19.429757516729143,17.743593070466044,17.139404488078004,16.833532409639208,14
1.6412861057719654,516560565160.422,2.7082,0.14512641987430602,0.5928902815424573,4.086715507212748,0.09305635060087705,0.3509612019457819,25.2533,24.9328,25.1021,25.0889,27.63033681932774,27.38850524216096,18.878838371097057,12.49305320102482,43.10025592264063,g,9.328880303725697,False,True,True,1.2719297281965813,400313349958.2878,1.1954,0.1448484832018039,0.7883361621139205,29.576398940569135,-0.04930830296745906,0.535398218142759,25.2805,24.79,24.5844,24.1555,19.371629245851512,21.553477497675704,20.198381676474813,19.145902099814933,40.033993995437655,r,5.031282845046851,False,True,True,278.84115608102843,1.2824978313352746,0.9361994038942808,0.4211209029734254,20.66441633037084,18.73752555197457,17.960319691167452,17.487546403090562,3
1.6286516661267805,244883408417.19186,2.2849,0.03276766876301505,0.6082316962778915,146.12656543030516,-0.2506541965682024,0.8362836468306686,25.5761,25.655,25.8911,25.5947,29.94005422580693,21.790551332450228,14.498066521551024,12.201372356335577,39.755313731785094,g,4.0390776762041884,False,True,True,1.1377204576035458,171067189675.0668,0.5138,0.23705948729426773,0.6140422600805464,109.47364217391357,0.059553459483546185,0.11013917323937102,24.2211,23.1672,22.6369,22.3761,46.16741326569089,71.60025401697823,87.0796992960152,73.85770593318396,142.2399866178227,i,11.227925766211136,True,True,True,255.99589687328316,1.6228030630024932,0.659584753729012,0.18790130704314706,18.155913060147537,16.74921891034356,16.241758720524906,15.949734142976961,11
0.39174604774686494,73463741204.82788,0.9007,0.11777768703256518,0.5838208167122168,71.753603736734,-0.07213342352582028,-0.0018692402725231014,24.8822,24.6021,24.3112,24.2227,45.87765846835385,44.18150424689304,42.97088528638241,30.28429552143861,81.21560122669597,g,7.612987373787151,True,True,True,0.7197593610506583,134975747002.67284,2.0972,0.4559829345584406,0.5836946277222572,32.72210153145217,-0.19844450393188626,0.22142178089030226,22.7618,23.0291,23.1198,23.0933,63.972666316902945,40.301313074427064,30.078249869869353,20.35290868235107,77.29165110482236,g,3.604637498793204,True,True,True,200.79572783637067,0.3361196868475851,0.65480716787333,0.5424652956505583,23.49330781905161,21.653014983953174,20.4425650491882,19.894861612988787,4
1.3687971894937474,298587675925.65063,2.2104,0.03056085573049191,0.8751359073739068,96.25262304846088,0.17151369623011242,0.08040880516475943,27.1076,27.1428,27.2014,27.1904,21.01819033400163,14.485647698501422,10.425894998737848,6.787843552509231,26.13983679819768,g,14.119841187387134,False,True,True,1.371469036311039,299170509188.1148,2.2364,0.06094551019803782,0.8766113081734741,119.76649107405323,0.06854201189942108,-0.10582131412427011,26.2617,26.2609,26.3391,25.8945,32.72255254165092,23.579410628662846,17.164070772225642,16.546452095483673,44.292138404223664,g,23.727741810109556,False,True,True,249.94661200675895,1.029526325848511,0.9134490295706037,0.3329318046556092,20.314472833631953,18.394763202860407,17.743418704806633,17.38460180788999,10
